ins;m;p;rep;vf;w;UB;cpu
1;10;3;1;L;1;7;1.03
2;10;3;1;L;2;6;0.28
3;10;3;1;L;3;6;0.46
4;10;3;1;Q;1;8;0.34
5;10;3;1;Q;2;5;0.28
6;10;3;1;Q;3;6;0.41
7;10;3;1;T;1;8;0.28
8;10;3;1;T;2;4;0.33
9;10;3;1;T;3;6;0.42
10;10;3;2;L;1;6;0.37
11;10;3;2;L;2;5;0.25
12;10;3;2;L;3;5;0.35
13;10;3;2;Q;1;7;0.32
14;10;3;2;Q;2;5;0.27
15;10;3;2;Q;3;5;0.36
16;10;3;2;T;1;7;0.27
17;10;3;2;T;2;5;0.29
18;10;3;2;T;3;4;0.4
19;10;3;3;L;1;5;0.27
20;10;3;3;L;2;5;0.36
21;10;3;3;L;3;6;0.32
22;10;3;3;Q;1;8;0.27
23;10;3;3;Q;2;5;0.37
24;10;3;3;Q;3;6;0.26
25;10;3;3;T;1;9;0.25
26;10;3;3;T;2;5;0.37
27;10;3;3;T;3;4;0.29
28;10;3;4;L;1;7;0.59
29;10;3;4;L;2;6;0.36
30;10;3;4;L;3;6;0.29
31;10;3;4;Q;1;7;0.32
32;10;3;4;Q;2;6;0.28
33;10;3;4;Q;3;6;0.29
34;10;3;4;T;1;7;0.28
35;10;3;4;T;2;5;0.3
36;10;3;4;T;3;6;0.3
37;10;3;5;L;1;7;0.31
38;10;3;5;L;2;7;0.3
39;10;3;5;L;3;4;0.3
40;10;3;5;Q;1;7;0.29
41;10;3;5;Q;2;5;0.31
42;10;3;5;Q;3;4;0.28
43;10;3;5;T;1;6;0.27
44;10;3;5;T;2;6;0.37
45;10;3;5;T;3;4;0.25
46;10;3;6;L;1;7;0.38
47;10;3;6;L;2;5;0.38
48;10;3;6;L;3;6;0.45
49;10;3;6;Q;1;8;0.3
50;10;3;6;Q;2;6;0.4
51;10;3;6;Q;3;6;0.32
52;10;3;6;T;1;7;0.26
53;10;3;6;T;2;7;0.34
54;10;3;6;T;3;7;0.3
55;10;3;7;L;1;6;0.33
56;10;3;7;L;2;5;0.38
57;10;3;7;L;3;5;0.61
58;10;3;7;Q;1;8;0.28
59;10;3;7;Q;2;5;0.29
60;10;3;7;Q;3;7;0.39
61;10;3;7;T;1;6;0.29
62;10;3;7;T;2;8;0.26
63;10;3;7;T;3;7;0.36
64;10;3;8;L;1;6;0.42
65;10;3;8;L;2;3;0.33
66;10;3;8;L;3;4;0.3
67;10;3;8;Q;1;7;0.28
68;10;3;8;Q;2;5;0.29
69;10;3;8;Q;3;4;0.3
70;10;3;8;T;1;6;0.31
71;10;3;8;T;2;5;0.3
72;10;3;8;T;3;6;0.28
73;10;3;9;L;1;8;0.41
74;10;3;9;L;2;6;0.47
75;10;3;9;L;3;6;0.44
76;10;3;9;Q;1;7;0.3
77;10;3;9;Q;2;6;0.47
78;10;3;9;Q;3;6;0.5
79;10;3;9;T;1;8;0.26
80;10;3;9;T;2;6;0.51
81;10;3;9;T;3;6;0.34
82;10;3;10;L;1;7;0.43
83;10;3;10;L;2;5;0.3
84;10;3;10;L;3;4;0.3
85;10;3;10;Q;1;7;0.3
86;10;3;10;Q;2;5;0.28
87;10;3;10;Q;3;4;0.31
88;10;3;10;T;1;4;0.29
89;10;3;10;T;2;5;0.29
90;10;3;10;T;3;4;0.3
91;30;3;1;L;1;11;3.52
92;30;3;1;L;2;4;3.27
93;30;3;1;L;3;5;10.85
94;30;3;1;Q;1;14;3.22
95;30;3;1;Q;2;7;3.06
96;30;3;1;Q;3;11;3.09
97;30;3;1;T;1;11;2.73
98;30;3;1;T;2;7;3.95
99;30;3;1;T;3;11;3.01
100;30;3;2;L;1;10;54.99
101;30;3;2;L;2;8;4.42
102;30;3;2;L;3;8;37.93
103;30;3;2;Q;1;17;3.27
104;30;3;2;Q;2;10;4.2
105;30;3;2;Q;3;9;3.07
106;30;3;2;T;1;8;2.31
107;30;3;2;T;2;9;3.06
108;30;3;2;T;3;5;2.74
109;30;3;3;L;1;8;6.56
110;30;3;3;L;2;8;5.91
111;30;3;3;L;3;14;4.12
112;30;3;3;Q;1;18;3.32
113;30;3;3;Q;2;9;2.96
114;30;3;3;Q;3;14;3.48
115;30;3;3;T;1;13;2.62
116;30;3;3;T;2;8;6.5
117;30;3;3;T;3;10;2.96
118;30;3;4;L;1;13;10.01
119;30;3;4;L;2;8;4.07
120;30;3;4;L;3;10;3.91
121;30;3;4;Q;1;17;3.69
122;30;3;4;Q;2;10;2.88
123;30;3;4;Q;3;12;2.98
124;30;3;4;T;1;13;2.5
125;30;3;4;T;2;10;2.98
126;30;3;4;T;3;10;2.85
127;30;3;5;L;1;9;210.36
128;30;3;5;L;2;9;3.69
129;30;3;5;L;3;6;4.23
130;30;3;5;Q;1;17;3.21
131;30;3;5;Q;2;12;51.82
132;30;3;5;Q;3;6;3.72
133;30;3;5;T;1;12;2.81
134;30;3;5;T;2;11;2.86
135;30;3;5;T;3;6;3.08
136;30;3;6;L;1;10;45.26
137;30;3;6;L;2;11;4.47
138;30;3;6;L;3;9;19.86
139;30;3;6;Q;1;18;3.28
140;30;3;6;Q;2;11;4.43
141;30;3;6;Q;3;11;3.24
142;30;3;6;T;1;7;2.34
143;30;3;6;T;2;8;2.92
144;30;3;6;T;3;13;2.95
145;30;3;7;L;1;11;3.43
146;30;3;7;L;2;9;3.68
147;30;3;7;L;3;3;71.72
148;30;3;7;Q;1;13;3.26
149;30;3;7;Q;2;9;3.39
150;30;3;7;Q;3;9;41.2
151;30;3;7;T;1;10;2.55
152;30;3;7;T;2;8;3.21
153;30;3;7;T;3;10;43.03
154;30;3;8;L;1;15;5.17
155;30;3;8;L;2;5;3.99
156;30;3;8;L;3;8;4.77
157;30;3;8;Q;1;17;3.7
158;30;3;8;Q;2;6;3.46
159;30;3;8;Q;3;9;3.13
160;30;3;8;T;1;11;2.86
161;30;3;8;T;2;6;3.34
162;30;3;8;T;3;7;2.91
163;30;3;9;L;1;12;8.48
164;30;3;9;L;2;7;3.26
165;30;3;9;L;3;9;4.4
166;30;3;9;Q;1;15;3.11
167;30;3;9;Q;2;7;2.86
168;30;3;9;Q;3;8;3.18
169;30;3;9;T;1;10;2.65
170;30;3;9;T;2;8;2.98
171;30;3;9;T;3;10;3.21
172;30;3;10;L;1;11;6.8
173;30;3;10;L;2;12;3.26
174;30;3;10;L;3;10;4.11
175;30;3;10;Q;1;18;3.91
176;30;3;10;Q;2;8;3.15
177;30;3;10;Q;3;11;3.43
178;30;3;10;T;1;15;2.51
179;30;3;10;T;2;8;3.25
180;30;3;10;T;3;9;2.76
181;50;3;1;L;1;15;21.77
182;50;3;1;L;2;5;2389.68
183;50;3;1;L;3;8;14.61
184;50;3;1;Q;1;19;18.75
185;50;3;1;Q;2;9;15.37
186;50;3;1;Q;3;11;101.87
187;50;3;1;T;1;13;11.99
188;50;3;1;T;2;9;12.74
189;50;3;1;T;3;9;12.54
190;50;3;2;L;1;10;2099.23
191;50;3;2;L;2;8;14.11
192;50;3;2;L;3;10;47.79
193;50;3;2;Q;1;19;43.19
194;50;3;2;Q;2;11;13
195;50;3;2;Q;3;10;15.83
196;50;3;2;T;1;8;11.8
197;50;3;2;T;2;11;12.64
198;50;3;2;T;3;7;18
199;50;3;3;L;1;10;41.55
200;50;3;3;L;2;9;16.35
201;50;3;3;L;3;18;23.93
202;50;3;3;Q;1;26;16.22
203;50;3;3;Q;2;10;13.24
204;50;3;3;Q;3;20;18.39
205;50;3;3;T;1;13;11.83
206;50;3;3;T;2;7;12.37
207;50;3;3;T;3;10;12.85
208;50;3;4;L;1;17;90.57
209;50;3;4;L;2;9;23.01
210;50;3;4;L;3;13;16.67
211;50;3;4;Q;1;25;25.31
212;50;3;4;Q;2;11;21.27
213;50;3;4;Q;3;17;19.15
214;50;3;4;T;1;17;11.79
215;50;3;4;T;2;5;12.41
216;50;3;4;T;3;12;12.88
217;50;3;5;L;1;10;1363.13
218;50;3;5;L;2;11;16.82
219;50;3;5;L;3;8;21.39
220;50;3;5;Q;1;21;24.42
221;50;3;5;Q;2;17;17.15
222;50;3;5;Q;3;8;19.91
223;50;3;5;T;1;12;17.8
224;50;3;5;T;2;11;12.39
225;50;3;5;T;3;7;16.53
226;50;3;6;L;1;13;54.31
227;50;3;6;L;2;8;251.53
228;50;3;6;L;3;10;3600.47
229;50;3;6;Q;1;28;16.12
230;50;3;6;Q;2;15;14.3
231;50;3;6;Q;3;14;15.04
232;50;3;6;T;1;10;11.48
233;50;3;6;T;2;7;12.76
234;50;3;6;T;3;8;12.99
235;50;3;7;L;1;10;1088.26
236;50;3;7;L;2;11;17.2
237;50;3;7;L;3;9;3600.32
238;50;3;7;Q;1;18;17.38
239;50;3;7;Q;2;12;13.53
240;50;3;7;Q;3;13;16.25
241;50;3;7;T;1;10;12.01
242;50;3;7;T;2;11;12.76
243;50;3;7;T;3;13;12.86
244;50;3;8;L;1;15;110.41
245;50;3;8;L;2;7;3600.45
246;50;3;8;L;3;7;3600.45
247;50;3;8;Q;1;23;15.15
248;50;3;8;Q;2;11;13.48
249;50;3;8;Q;3;10;13.82
250;50;3;8;T;1;13;11.69
251;50;3;8;T;2;7;13.02
252;50;3;8;T;3;4;11.46
253;50;3;9;L;1;11;251.6
254;50;3;9;L;2;8;17.68
255;50;3;9;L;3;10;16.47
256;50;3;9;Q;1;21;17.3
257;50;3;9;Q;2;9;13.51
258;50;3;9;Q;3;9;13.93
259;50;3;9;T;1;12;11.92
260;50;3;9;T;2;9;13.13
261;50;3;9;T;3;11;12.39
262;50;3;10;L;1;17;46.05
263;50;3;10;L;2;11;3600.29
264;50;3;10;L;3;11;59.57
265;50;3;10;Q;1;18;34.69
266;50;3;10;Q;2;12;13.25
267;50;3;10;Q;3;15;17.47
268;50;3;10;T;1;10;17.71
269;50;3;10;T;2;9;12.87
270;50;3;10;T;3;10;12.23
271;80;3;1;L;1;14;385.14
272;80;3;1;L;2;9;3601.01
273;80;3;1;L;3;9;141.25
274;80;3;1;Q;1;23;103.79
275;80;3;1;Q;2;12;133.42
276;80;3;1;Q;3;10;1424.72
277;80;3;1;T;1;14;83.77
278;80;3;1;T;2;5;173.07
279;80;3;1;T;3;10;86.6
280;80;3;2;L;1;14;657.35
281;80;3;2;L;2;10;3600.63
282;80;3;2;L;3;12;395.26
283;80;3;2;Q;1;25;106.85
284;80;3;2;Q;2;13;90.18
285;80;3;2;Q;3;10;97.95
286;80;3;2;T;1;11;83.83
287;80;3;2;T;2;12;100.76
288;80;3;2;T;3;8;85.17
289;80;3;3;L;1;13;137.25
290;80;3;3;L;2;10;3600.06
291;80;3;3;L;3;22;171.22
292;80;3;3;Q;1;31;178.88
293;80;3;3;Q;2;10;131.89
294;80;3;3;Q;3;22;158.78
295;80;3;3;T;1;16;84.36
296;80;3;3;T;2;8;87.29
297;80;3;3;T;3;15;87.01
298;80;3;4;L;1;17;325.6
299;80;3;4;L;2;10;3622.9
300;80;3;4;L;3;15;129.64
301;80;3;4;Q;1;32;114.52
302;80;3;4;Q;2;13;118.44
303;80;3;4;Q;3;14;140.14
304;80;3;4;T;1;14;292.51
305;80;3;4;T;2;6;87.09
306;80;3;4;T;3;12;87.1
307;80;3;5;L;1;14;1238.77
308;80;3;5;L;2;7;3600.7
309;80;3;5;L;3;6;103.53
310;80;3;5;Q;1;24;108.02
311;80;3;5;Q;2;20;112.14
312;80;3;5;Q;3;11;98.62
313;80;3;5;T;1;13;1232.77
314;80;3;5;T;2;13;86.17
315;80;3;5;T;3;10;86.08
316;80;3;6;L;1;15;646.62
317;80;3;6;L;2;17;3600.69
318;80;3;6;L;3;10;804.58
319;80;3;6;Q;1;30;111.44
320;80;3;6;Q;2;19;92.92
321;80;3;6;Q;3;18;111.11
322;80;3;6;T;1;14;86.03
323;80;3;6;T;2;10;87.29
324;80;3;6;T;3;8;86.74
325;80;3;7;L;1;12;1245.68
326;80;3;7;L;2;11;238.21
327;80;3;7;L;3;11;3600.48
328;80;3;7;Q;1;23;130.08
329;80;3;7;Q;2;16;90.9
330;80;3;7;Q;3;16;108.47
331;80;3;7;T;1;15;85.47
332;80;3;7;T;2;12;86.3
333;80;3;7;T;3;8;3601.12
334;80;3;8;L;1;15;2345.02
335;80;3;8;L;2;79;3600.35
336;80;3;8;L;3;10;3600.38
337;80;3;8;Q;1;30;165.6
338;80;3;8;Q;2;15;205.33
339;80;3;8;Q;3;10;292.27
340;80;3;8;T;1;12;89.09
341;80;3;8;T;2;11;87.97
342;80;3;8;T;3;6;85.85
343;80;3;9;L;1;79;3600.6
344;80;3;9;L;2;11;121.19
345;80;3;9;L;3;12;2405.54
346;80;3;9;Q;1;25;126.97
347;80;3;9;Q;2;10;90.95
348;80;3;9;Q;3;13;105.82
349;80;3;9;T;1;13;85.78
350;80;3;9;T;2;10;85.83
351;80;3;9;T;3;11;88.04
352;80;3;10;L;1;17;3600.12
353;80;3;10;L;2;14;583.68
354;80;3;10;L;3;9;1202.24
355;80;3;10;Q;1;16;341.96
356;80;3;10;Q;2;12;89.33
357;80;3;10;Q;3;17;164.01
358;80;3;10;T;1;10;85.16
359;80;3;10;T;2;10;88.1
360;80;3;10;T;3;13;87.05
361;100;3;1;L;1;18;3602.01
362;100;3;1;L;2;9;3601.4
363;100;3;1;L;3;11;326.76
364;100;3;1;Q;1;24;306.6
365;100;3;1;Q;2;12;276.83
366;100;3;1;Q;3;12;821.32
367;100;3;1;T;1;14;270.07
368;100;3;1;T;2;6;447.72
369;100;3;1;T;3;14;302.64
370;100;3;2;L;1;19;3603.44
371;100;3;2;L;2;12;3600.68
372;100;3;2;L;3;13;3601.4
373;100;3;2;Q;1;27;324.23
374;100;3;2;Q;2;13;278.37
375;100;3;2;Q;3;12;298.61
376;100;3;2;T;1;10;1295.63
377;100;3;2;T;2;10;330.86
378;100;3;2;T;3;10;271.84
379;100;3;3;L;1;11;676.99
380;100;3;3;L;2;8;355.76
381;100;3;3;L;3;22;1098
382;100;3;3;Q;1;34;374.09
383;100;3;3;Q;2;10;314.86
384;100;3;3;Q;3;27;3830.64
385;100;3;3;T;1;20;270.01
386;100;3;3;T;2;7;271.22
387;100;3;3;T;3;18;271.18
388;100;3;4;L;1;13;3600.98
389;100;3;4;L;2;10;3600.89
390;100;3;4;L;3;18;318.67
391;100;3;4;Q;1;99;3600.04
392;100;3;4;Q;2;14;286.37
393;100;3;4;Q;3;18;577.6
394;100;3;4;T;1;14;2232.14
395;100;3;4;T;2;9;271.87
396;100;3;4;T;3;12;275.81
397;100;3;5;L;1;16;1345.09
398;100;3;5;L;2;8;670.77
399;100;3;5;L;3;7;317.3
400;100;3;5;Q;1;27;327.75
401;100;3;5;Q;2;20;371.38
402;100;3;5;Q;3;11;295.91
403;100;3;5;T;1;14;274.32
404;100;3;5;T;2;13;272.88
405;100;3;5;T;3;10;271.12
406;100;3;6;L;1;15;4023.37
407;100;3;6;L;2;12;345.89
408;100;3;6;L;3;13;3601.13
409;100;3;6;Q;1;28;356.31
410;100;3;6;Q;2;19;607.87
411;100;3;6;Q;3;16;414.9
412;100;3;6;T;1;11;268.5
413;100;3;6;T;2;12;275.16
414;100;3;6;T;3;9;272.06
415;100;3;7;L;1;17;3600.79
416;100;3;7;L;2;11;3816.44
417;100;3;7;L;3;9;283.3
418;100;3;7;Q;1;21;552.14
419;100;3;7;Q;2;17;277.81
420;100;3;7;Q;3;15;295.39
421;100;3;7;T;1;15;265.01
422;100;3;7;T;2;12;272.74
423;100;3;7;T;3;7;3601.02
424;100;3;8;L;1;16;2690.11
425;100;3;8;L;2;12;3600.84
426;100;3;8;L;3;8;3600.94
427;100;3;8;Q;1;33;792.19
428;100;3;8;Q;2;18;491.59
429;100;3;8;Q;3;10;1706.87
430;100;3;8;T;1;12;279.68
431;100;3;8;T;2;12;272.13
432;100;3;8;T;3;7;269.18
433;100;3;9;L;1;99;3601.23
434;100;3;9;L;2;12;309.77
435;100;3;9;L;3;99;3600.72
436;100;3;9;Q;1;25;384.27
437;100;3;9;Q;2;11;285.42
438;100;3;9;Q;3;15;475.15
439;100;3;9;T;1;12;270.86
440;100;3;9;T;2;10;273.93
441;100;3;9;T;3;15;273.23
442;100;3;10;L;1;17;3601.84
443;100;3;10;L;2;99;3601.25
444;100;3;10;L;3;6;838.87
445;100;3;10;Q;1;15;493.31
446;100;3;10;Q;2;15;279.38
447;100;3;10;Q;3;17;400.69
448;100;3;10;T;1;8;263.83
449;100;3;10;T;2;12;275.1
450;100;3;10;T;3;15;269.9
451;10;5;1;L;1;9;0.34
452;10;5;1;L;2;6;0.33
453;10;5;1;L;3;9;0.28
454;10;5;1;Q;1;9;0.25
455;10;5;1;Q;2;6;0.31
456;10;5;1;Q;3;8;0.32
457;10;5;1;T;1;8;0.35
458;10;5;1;T;2;6;0.34
459;10;5;1;T;3;7;0.31
460;10;5;2;L;1;8;0.3
461;10;5;2;L;2;8;0.29
462;10;5;2;L;3;7;0.46
463;10;5;2;Q;1;9;0.28
464;10;5;2;Q;2;8;0.32
465;10;5;2;Q;3;8;0.33
466;10;5;2;T;1;8;0.33
467;10;5;2;T;2;4;0.33
468;10;5;2;T;3;7;0.39
469;10;5;3;L;1;8;0.3
470;10;5;3;L;2;8;0.44
471;10;5;3;L;3;9;0.27
472;10;5;3;Q;1;9;0.33
473;10;5;3;Q;2;8;0.38
474;10;5;3;Q;3;8;0.32
475;10;5;3;T;1;9;0.3
476;10;5;3;T;2;7;0.37
477;10;5;3;T;3;8;0.4
478;10;5;4;L;1;9;0.31
479;10;5;4;L;2;9;0.27
480;10;5;4;L;3;9;0.3
481;10;5;4;Q;1;9;0.29
482;10;5;4;Q;2;8;0.32
483;10;5;4;Q;3;9;0.28
484;10;5;4;T;1;7;0.28
485;10;5;4;T;2;8;0.34
486;10;5;4;T;3;8;0.33
487;10;5;5;L;1;9;0.28
488;10;5;5;L;2;9;0.29
489;10;5;5;L;3;9;0.29
490;10;5;5;Q;1;9;0.28
491;10;5;5;Q;2;9;0.29
492;10;5;5;Q;3;9;0.3
493;10;5;5;T;1;9;0.27
494;10;5;5;T;2;9;0.29
495;10;5;5;T;3;8;0.31
496;10;5;6;L;1;9;0.3
497;10;5;6;L;2;8;0.34
498;10;5;6;L;3;9;0.28
499;10;5;6;Q;1;9;0.31
500;10;5;6;Q;2;8;0.35
501;10;5;6;Q;3;9;0.28
502;10;5;6;T;1;9;0.29
503;10;5;6;T;2;8;0.33
504;10;5;6;T;3;8;0.34
505;10;5;7;L;1;9;0.29
506;10;5;7;L;2;7;0.32
507;10;5;7;L;3;9;0.29
508;10;5;7;Q;1;8;0.37
509;10;5;7;Q;2;7;0.34
510;10;5;7;Q;3;8;0.34
511;10;5;7;T;1;7;0.32
512;10;5;7;T;2;7;0.35
513;10;5;7;T;3;7;0.34
514;10;5;8;L;1;9;0.28
515;10;5;8;L;2;9;0.3
516;10;5;8;L;3;9;0.28
517;10;5;8;Q;1;9;0.28
518;10;5;8;Q;2;9;0.3
519;10;5;8;Q;3;9;0.27
520;10;5;8;T;1;9;0.29
521;10;5;8;T;2;9;0.3
522;10;5;8;T;3;9;0.28
523;10;5;9;L;1;8;0.39
524;10;5;9;L;2;7;0.34
525;10;5;9;L;3;7;0.34
526;10;5;9;Q;1;7;0.35
527;10;5;9;Q;2;7;0.3
528;10;5;9;Q;3;7;0.38
529;10;5;9;T;1;6;0.34
530;10;5;9;T;2;7;0.3
531;10;5;9;T;3;6;0.33
532;10;5;10;L;1;8;0.3
533;10;5;10;L;2;6;0.32
534;10;5;10;L;3;8;0.36
535;10;5;10;Q;1;8;0.33
536;10;5;10;Q;2;6;0.38
537;10;5;10;Q;3;8;0.36
538;10;5;10;T;1;8;0.39
539;10;5;10;T;2;6;0.36
540;10;5;10;T;3;8;0.39
541;30;5;1;L;1;26;2.62
542;30;5;1;L;2;18;3.06
543;30;5;1;L;3;21;3.04
544;30;5;1;Q;1;25;2.3
545;30;5;1;Q;2;16;2.89
546;30;5;1;Q;3;19;3.04
547;30;5;1;T;1;20;2.46
548;30;5;1;T;2;12;2.94
549;30;5;1;T;3;16;2.8
550;30;5;2;L;1;22;4.39
551;30;5;2;L;2;18;10.77
552;30;5;2;L;3;22;6.58
553;30;5;2;Q;1;27;2.55
554;30;5;2;Q;2;16;13.24
555;30;5;2;Q;3;21;3.52
556;30;5;2;T;1;26;2.43
557;30;5;2;T;2;13;2.8
558;30;5;2;T;3;14;2.7
559;30;5;3;L;1;21;2.97
560;30;5;3;L;2;19;3.89
561;30;5;3;L;3;20;3.69
562;30;5;3;Q;1;23;2.53
563;30;5;3;Q;2;14;3.39
564;30;5;3;Q;3;18;2.84
565;30;5;3;T;1;20;2.44
566;30;5;3;T;2;6;3.5
567;30;5;3;T;3;17;3.62
568;30;5;4;L;1;24;3.2
569;30;5;4;L;2;22;3.01
570;30;5;4;L;3;23;3.17
571;30;5;4;Q;1;24;2.95
572;30;5;4;Q;2;18;3.73
573;30;5;4;Q;3;24;2.99
574;30;5;4;T;1;21;2.36
575;30;5;4;T;2;17;5.93
576;30;5;4;T;3;19;3.41
577;30;5;5;L;1;25;3.31
578;30;5;5;L;2;24;3.29
579;30;5;5;L;3;26;3.3
580;30;5;5;Q;1;26;2.93
581;30;5;5;Q;2;23;3.13
582;30;5;5;Q;3;25;2.96
583;30;5;5;T;1;21;2.5
584;30;5;5;T;2;22;3.25
585;30;5;5;T;3;11;2.84
586;30;5;6;L;1;25;3.07
587;30;5;6;L;2;21;5.59
588;30;5;6;L;3;25;3.67
589;30;5;6;Q;1;26;2.68
590;30;5;6;Q;2;20;2.68
591;30;5;6;Q;3;20;3.42
592;30;5;6;T;1;26;2.16
593;30;5;6;T;2;20;2.58
594;30;5;6;T;3;15;2.51
595;30;5;7;L;1;24;2.93
596;30;5;7;L;2;21;3.13
597;30;5;7;L;3;21;6.18
598;30;5;7;Q;1;24;2.55
599;30;5;7;Q;2;23;3.22
600;30;5;7;Q;3;21;3.74
601;30;5;7;T;1;21;2.43
602;30;5;7;T;2;23;3.23
603;30;5;7;T;3;18;3.84
604;30;5;8;L;1;24;3.83
605;30;5;8;L;2;18;3.62
606;30;5;8;L;3;24;3.93
607;30;5;8;Q;1;26;2.71
608;30;5;8;Q;2;14;3.38
609;30;5;8;Q;3;22;3.09
610;30;5;8;T;1;26;2.42
611;30;5;8;T;2;14;3.3
612;30;5;8;T;3;21;3.47
613;30;5;9;L;1;23;3.45
614;30;5;9;L;2;19;6.81
615;30;5;9;L;3;21;3.54
616;30;5;9;Q;1;23;2.82
617;30;5;9;Q;2;15;11.09
618;30;5;9;Q;3;22;3.15
619;30;5;9;T;1;20;2.59
620;30;5;9;T;2;15;6.8
621;30;5;9;T;3;19;3.02
622;30;5;10;L;1;23;3.85
623;30;5;10;L;2;17;3.06
624;30;5;10;L;3;23;4.57
625;30;5;10;Q;1;24;3.08
626;30;5;10;Q;2;17;3.09
627;30;5;10;Q;3;24;3.08
628;30;5;10;T;1;23;2.41
629;30;5;10;T;2;15;3.11
630;30;5;10;T;3;21;2.95
631;50;5;1;L;1;37;19.76
632;50;5;1;L;2;22;22.87
633;50;5;1;L;3;36;16.44
634;50;5;1;Q;1;40;14.61
635;50;5;1;Q;2;22;13.43
636;50;5;1;Q;3;27;15.59
637;50;5;1;T;1;29;12.27
638;50;5;1;T;2;15;148.36
639;50;5;1;T;3;16;15.6
640;50;5;2;L;1;32;30.62
641;50;5;2;L;2;29;19.35
642;50;5;2;L;3;30;57.28
643;50;5;2;Q;1;41;13.88
644;50;5;2;Q;2;23;13.7
645;50;5;2;Q;3;28;17.26
646;50;5;2;T;1;29;18.32
647;50;5;2;T;2;20;13.59
648;50;5;2;T;3;16;13.05
649;50;5;3;L;1;29;20.52
650;50;5;3;L;2;16;17.11
651;50;5;3;L;3;29;15.49
652;50;5;3;Q;1;33;13.14
653;50;5;3;Q;2;19;17.43
654;50;5;3;Q;3;23;16.68
655;50;5;3;T;1;28;11.88
656;50;5;3;T;2;10;13.59
657;50;5;3;T;3;23;14.79
658;50;5;4;L;1;38;17.71
659;50;5;4;L;2;29;25.34
660;50;5;4;L;3;37;17.12
661;50;5;4;Q;1;38;16.22
662;50;5;4;Q;2;24;16.81
663;50;5;4;Q;3;40;15.38
664;50;5;4;T;1;34;13.47
665;50;5;4;T;2;24;16.61
666;50;5;4;T;3;32;15.67
667;50;5;5;L;1;39;15.51
668;50;5;5;L;2;36;23.2
669;50;5;5;L;3;37;23.33
670;50;5;5;Q;1;41;14.28
671;50;5;5;Q;2;34;18.3
672;50;5;5;Q;3;35;14.24
673;50;5;5;T;1;32;12.61
674;50;5;5;T;2;28;15.97
675;50;5;5;T;3;13;12.56
676;50;5;6;L;1;37;17.21
677;50;5;6;L;2;30;25.64
678;50;5;6;L;3;39;21.98
679;50;5;6;Q;1;41;15.72
680;50;5;6;Q;2;26;19.61
681;50;5;6;Q;3;31;15.93
682;50;5;6;T;1;27;12.65
683;50;5;6;T;2;27;16.98
684;50;5;6;T;3;28;85.13
685;50;5;7;L;1;37;19.81
686;50;5;7;L;2;22;65.3
687;50;5;7;L;3;28;276.2
688;50;5;7;Q;1;41;14.67
689;50;5;7;Q;2;23;33.05
690;50;5;7;Q;3;33;37.68
691;50;5;7;T;1;36;12.3
692;50;5;7;T;2;14;800.21
693;50;5;7;T;3;23;15.73
694;50;5;8;L;1;36;16.76
695;50;5;8;L;2;28;22.28
696;50;5;8;L;3;36;21.49
697;50;5;8;Q;1;41;14.5
698;50;5;8;Q;2;13;13.3
699;50;5;8;Q;3;34;20.34
700;50;5;8;T;1;37;12.04
701;50;5;8;T;2;13;13.13
702;50;5;8;T;3;27;20.16
703;50;5;9;L;1;34;15.37
704;50;5;9;L;2;26;27.75
705;50;5;9;L;3;31;24.66
706;50;5;9;Q;1;37;16.96
707;50;5;9;Q;2;22;26.85
708;50;5;9;Q;3;33;15.53
709;50;5;9;T;1;29;15.29
710;50;5;9;T;2;22;22.22
711;50;5;9;T;3;21;22.24
712;50;5;10;L;1;32;22.66
713;50;5;10;L;2;17;91.87
714;50;5;10;L;3;33;23.73
715;50;5;10;Q;1;40;15.13
716;50;5;10;Q;2;16;29.95
717;50;5;10;Q;3;35;15.24
718;50;5;10;T;1;33;14.74
719;50;5;10;T;2;15;13.58
720;50;5;10;T;3;16;27.63
721;80;5;1;L;1;48;412.07
722;80;5;1;L;2;31;276.9
723;80;5;1;L;3;48;204.77
724;80;5;1;Q;1;58;113.86
725;80;5;1;Q;2;32;168.45
726;80;5;1;Q;3;43;113.98
727;80;5;1;T;1;42;169.87
728;80;5;1;T;2;24;3601.87
729;80;5;1;T;3;21;237.78
730;80;5;2;L;1;44;316.55
731;80;5;2;L;2;32;164.61
732;80;5;2;L;3;39;255.81
733;80;5;2;Q;1;61;106.76
734;80;5;2;Q;2;30;94.5
735;80;5;2;Q;3;42;141.29
736;80;5;2;T;1;44;125.78
737;80;5;2;T;2;27;196.66
738;80;5;2;T;3;22;123.29
739;80;5;3;L;1;39;804.74
740;80;5;3;L;2;25;121.73
741;80;5;3;L;3;40;301.95
742;80;5;3;Q;1;51;122.42
743;80;5;3;Q;2;26;454.14
744;80;5;3;Q;3;32;125.6
745;80;5;3;T;1;34;135.21
746;80;5;3;T;2;14;91.37
747;80;5;3;T;3;20;96.25
748;80;5;4;L;1;53;156.62
749;80;5;4;L;2;29;3379.8
750;80;5;4;L;3;51;165.56
751;80;5;4;Q;1;61;114.13
752;80;5;4;Q;2;35;142.92
753;80;5;4;Q;3;58;110.34
754;80;5;4;T;1;50;108.63
755;80;5;4;T;2;29;3600.58
756;80;5;4;T;3;42;211.91
757;80;5;5;L;1;52;104.57
758;80;5;5;L;2;32;1891.81
759;80;5;5;L;3;45;1804.78
760;80;5;5;Q;1;60;102.34
761;80;5;5;Q;2;29;140.82
762;80;5;5;Q;3;38;167.25
763;80;5;5;T;1;42;89.48
764;80;5;5;T;2;27;200.63
765;80;5;5;T;3;16;91.83
766;80;5;6;L;1;52;186.27
767;80;5;6;L;2;39;296.54
768;80;5;6;L;3;49;130.88
769;80;5;6;Q;1;59;110.63
770;80;5;6;Q;2;34;122
771;80;5;6;Q;3;42;116.09
772;80;5;6;T;1;23;89.45
773;80;5;6;T;2;32;252.04
774;80;5;6;T;3;35;104
775;80;5;7;L;1;44;241.22
776;80;5;7;L;2;43;3600.34
777;80;5;7;L;3;40;3602.07
778;80;5;7;Q;1;61;107.13
779;80;5;7;Q;2;26;1316.47
780;80;5;7;Q;3;46;292.87
781;80;5;7;T;1;48;90.52
782;80;5;7;T;2;18;94.42
783;80;5;7;T;3;24;93.44
784;80;5;8;L;1;52;267.89
785;80;5;8;L;2;35;139.78
786;80;5;8;L;3;53;238.01
787;80;5;8;Q;1;63;109.32
788;80;5;8;Q;2;21;93.91
789;80;5;8;Q;3;47;172.8
790;80;5;8;T;1;43;120.27
791;80;5;8;T;2;20;96.59
792;80;5;8;T;3;31;415.39
793;80;5;9;L;1;38;1626.74
794;80;5;9;L;2;32;278.41
795;80;5;9;L;3;41;262.39
796;80;5;9;Q;1;51;111.71
797;80;5;9;Q;2;28;190.87
798;80;5;9;Q;3;38;152.52
799;80;5;9;T;1;35;122.28
800;80;5;9;T;2;26;133.89
801;80;5;9;T;3;28;3600.48
802;80;5;10;L;1;38;1106.89
803;80;5;10;L;2;26;231.62
804;80;5;10;L;3;45;221.13
805;80;5;10;Q;1;56;108.24
806;80;5;10;Q;2;25;116.87
807;80;5;10;Q;3;48;134.46
808;80;5;10;T;1;40;98.23
809;80;5;10;T;2;18;94.67
810;80;5;10;T;3;26;102.56
811;100;5;1;L;1;30;3616.24
812;100;5;1;L;2;35;920.22
813;100;5;1;L;3;38;3601.27
814;100;5;1;Q;1;69;329.85
815;100;5;1;Q;2;35;867.02
816;100;5;1;Q;3;46;324.97
817;100;5;1;T;1;36;1216.06
818;100;5;1;T;2;27;1595.57
819;100;5;1;T;3;24;317.76
820;100;5;2;L;1;45;1352.1
821;100;5;2;L;2;36;1000.98
822;100;5;2;L;3;40;2831.76
823;100;5;2;Q;1;68;337.37
824;100;5;2;Q;2;99;3600.13
825;100;5;2;Q;3;48;480.6
826;100;5;2;T;1;47;812.67
827;100;5;2;T;2;19;294.07
828;100;5;2;T;3;24;334.7
829;100;5;3;L;1;45;1221.73
830;100;5;3;L;2;30;390.99
831;100;5;3;L;3;39;1613.53
832;100;5;3;Q;1;59;356.78
833;100;5;3;Q;2;29;401.75
834;100;5;3;Q;3;39;327.45
835;100;5;3;T;1;35;304.12
836;100;5;3;T;2;17;289.05
837;100;5;3;T;3;19;2941.05
838;100;5;4;L;1;49;1244.95
839;100;5;4;L;2;33;1949.33
840;100;5;4;L;3;46;3601.7
841;100;5;4;Q;1;74;350.86
842;100;5;4;Q;2;37;554.93
843;100;5;4;Q;3;60;478.94
844;100;5;4;T;1;48;321.22
845;100;5;4;T;2;28;3600.96
846;100;5;4;T;3;48;325.64
847;100;5;5;L;1;65;367.49
848;100;5;5;L;2;33;2248.93
849;100;5;5;L;3;52;442.7
850;100;5;5;Q;1;77;318.35
851;100;5;5;Q;2;34;448.55
852;100;5;5;Q;3;47;402.25
853;100;5;5;T;1;43;279.15
854;100;5;5;T;2;33;418.82
855;100;5;5;T;3;19;281.63
856;100;5;6;L;1;59;547.42
857;100;5;6;L;2;40;2300.23
858;100;5;6;L;3;45;1047
859;100;5;6;Q;1;70;326.55
860;100;5;6;Q;2;36;506.19
861;100;5;6;Q;3;50;360.02
862;100;5;6;T;1;28;289.11
863;100;5;6;T;2;30;1570.83
864;100;5;6;T;3;36;295.29
865;100;5;7;L;1;54;671.06
866;100;5;7;L;2;41;3600.9
867;100;5;7;L;3;49;3600.81
868;100;5;7;Q;1;71;350.46
869;100;5;7;Q;2;34;3601.36
870;100;5;7;Q;3;51;427.94
871;100;5;7;T;1;46;289.05
872;100;5;7;T;2;21;290.45
873;100;5;7;T;3;29;285.7
874;100;5;8;L;1;59;920.79
875;100;5;8;L;2;38;637.31
876;100;5;8;L;3;48;2011.66
877;100;5;8;Q;1;76;559.09
878;100;5;8;Q;2;25;517.8
879;100;5;8;Q;3;53;500.24
880;100;5;8;T;1;46;642.82
881;100;5;8;T;2;22;525.07
882;100;5;8;T;3;38;3602.14
883;100;5;9;L;1;43;3617.1
884;100;5;9;L;2;34;3601.77
885;100;5;9;L;3;41;1439.11
886;100;5;9;Q;1;62;366.25
887;100;5;9;Q;2;32;488.1
888;100;5;9;Q;3;39;994.55
889;100;5;9;T;1;34;734.11
890;100;5;9;T;2;28;285.58
891;100;5;9;T;3;31;3600.78
892;100;5;10;L;1;45;2392.6
893;100;5;10;L;2;26;349.96
894;100;5;10;L;3;55;677.53
895;100;5;10;Q;1;67;330.9
896;100;5;10;Q;2;26;310.05
897;100;5;10;Q;3;51;778.92
898;100;5;10;T;1;51;313.95
899;100;5;10;T;2;18;289.51
900;100;5;10;T;3;29;787.24
901;10;7;1;L;1;9;0.38
902;10;7;1;L;2;8;0.33
903;10;7;1;L;3;8;0.37
904;10;7;1;Q;1;9;0.33
905;10;7;1;Q;2;8;0.35
906;10;7;1;Q;3;9;0.28
907;10;7;1;T;1;9;0.3
908;10;7;1;T;2;8;0.35
909;10;7;1;T;3;9;0.29
910;10;7;2;L;1;9;0.31
911;10;7;2;L;2;9;0.31
912;10;7;2;L;3;9;0.27
913;10;7;2;Q;1;9;0.28
914;10;7;2;Q;2;9;0.29
915;10;7;2;Q;3;9;0.25
916;10;7;2;T;1;8;0.33
917;10;7;2;T;2;9;0.32
918;10;7;2;T;3;8;0.39
919;10;7;3;L;1;9;0.32
920;10;7;3;L;2;7;0.32
921;10;7;3;L;3;7;0.34
922;10;7;3;Q;1;9;0.31
923;10;7;3;Q;2;7;0.3
924;10;7;3;Q;3;9;0.32
925;10;7;3;T;1;8;0.35
926;10;7;3;T;2;7;0.36
927;10;7;3;T;3;9;0.3
928;10;7;4;L;1;9;0.31
929;10;7;4;L;2;9;0.29
930;10;7;4;L;3;9;0.31
931;10;7;4;Q;1;9;0.27
932;10;7;4;Q;2;9;0.29
933;10;7;4;Q;3;9;0.32
934;10;7;4;T;1;9;0.27
935;10;7;4;T;2;9;0.29
936;10;7;4;T;3;9;0.31
937;10;7;5;L;1;9;0.28
938;10;7;5;L;2;9;0.31
939;10;7;5;L;3;8;0.3
940;10;7;5;Q;1;9;0.3
941;10;7;5;Q;2;9;0.28
942;10;7;5;Q;3;8;0.31
943;10;7;5;T;1;9;0.3
944;10;7;5;T;2;7;0.42
945;10;7;5;T;3;8;0.32
946;10;7;6;L;1;9;0.29
947;10;7;6;L;2;9;0.3
948;10;7;6;L;3;9;0.33
949;10;7;6;Q;1;9;0.3
950;10;7;6;Q;2;9;0.34
951;10;7;6;Q;3;9;0.3
952;10;7;6;T;1;9;0.3
953;10;7;6;T;2;9;0.31
954;10;7;6;T;3;9;0.31
955;10;7;7;L;1;9;0.3
956;10;7;7;L;2;8;0.29
957;10;7;7;L;3;8;0.36
958;10;7;7;Q;1;9;0.28
959;10;7;7;Q;2;8;0.34
960;10;7;7;Q;3;8;0.35
961;10;7;7;T;1;9;0.3
962;10;7;7;T;2;8;0.36
963;10;7;7;T;3;8;0.33
964;10;7;8;L;1;9;0.35
965;10;7;8;L;2;9;0.29
966;10;7;8;L;3;9;0.32
967;10;7;8;Q;1;9;0.28
968;10;7;8;Q;2;9;0.3
969;10;7;8;Q;3;9;0.3
970;10;7;8;T;1;9;0.31
971;10;7;8;T;2;8;0.34
972;10;7;8;T;3;9;0.31
973;10;7;9;L;1;8;0.35
974;10;7;9;L;2;9;0.28
975;10;7;9;L;3;8;0.34
976;10;7;9;Q;1;9;0.29
977;10;7;9;Q;2;9;0.28
978;10;7;9;Q;3;8;0.34
979;10;7;9;T;1;9;0.27
980;10;7;9;T;2;3;0.4
981;10;7;9;T;3;8;0.34
982;10;7;10;L;1;9;0.3
983;10;7;10;L;2;9;0.32
984;10;7;10;L;3;9;0.32
985;10;7;10;Q;1;9;0.32
986;10;7;10;Q;2;9;0.33
987;10;7;10;Q;3;9;0.32
988;10;7;10;T;1;9;0.31
989;10;7;10;T;2;9;0.29
990;10;7;10;T;3;9;0.3
991;30;7;1;L;1;29;2.43
992;30;7;1;L;2;26;3.48
993;30;7;1;L;3;26;3.09
994;30;7;1;Q;1;29;2.21
995;30;7;1;Q;2;26;2.75
996;30;7;1;Q;3;25;2.98
997;30;7;1;T;1;22;2.46
998;30;7;1;T;2;19;6.25
999;30;7;1;T;3;20;4.24
1000;30;7;2;L;1;26;2.84
1001;30;7;2;L;2;26;2.55
1002;30;7;2;L;3;24;3.34
1003;30;7;2;Q;1;26;2.44
1004;30;7;2;Q;2;25;2.71
1005;30;7;2;Q;3;24;3.11
1006;30;7;2;T;1;25;2.49
1007;30;7;2;T;2;17;14.46
1008;30;7;2;T;3;24;2.85
1009;30;7;3;L;1;28;2.65
1010;30;7;3;L;2;26;2.55
1011;30;7;3;L;3;23;3.06
1012;30;7;3;Q;1;28;2.45
1013;30;7;3;Q;2;24;2.96
1014;30;7;3;Q;3;22;4.01
1015;30;7;3;T;1;25;3.06
1016;30;7;3;T;2;16;4.1
1017;30;7;3;T;3;10;2.95
1018;30;7;4;L;1;29;2.66
1019;30;7;4;L;2;28;2.78
1020;30;7;4;L;3;29;2.79
1021;30;7;4;Q;1;29;2.15
1022;30;7;4;Q;2;26;2.54
1023;30;7;4;Q;3;28;2.73
1024;30;7;4;T;1;28;2.46
1025;30;7;4;T;2;26;2.74
1026;30;7;4;T;3;25;2.61
1027;30;7;5;L;1;27;2.75
1028;30;7;5;L;2;24;3.96
1029;30;7;5;L;3;25;4.83
1030;30;7;5;Q;1;28;2.58
1031;30;7;5;Q;2;24;4.49
1032;30;7;5;Q;3;25;3.41
1033;30;7;5;T;1;28;2.54
1034;30;7;5;T;2;17;3.36
1035;30;7;5;T;3;22;2.62
1036;30;7;6;L;1;29;2.35
1037;30;7;6;L;2;26;3.22
1038;30;7;6;L;3;28;3.18
1039;30;7;6;Q;1;29;2.54
1040;30;7;6;Q;2;23;4.71
1041;30;7;6;Q;3;28;2.84
1042;30;7;6;T;1;28;2.42
1043;30;7;6;T;2;21;3.05
1044;30;7;6;T;3;26;2.54
1045;30;7;7;L;1;27;3.04
1046;30;7;7;L;2;25;2.86
1047;30;7;7;L;3;27;3.05
1048;30;7;7;Q;1;28;2.48
1049;30;7;7;Q;2;25;3.1
1050;30;7;7;Q;3;27;3.16
1051;30;7;7;T;1;28;2.5
1052;30;7;7;T;2;20;3.16
1053;30;7;7;T;3;24;2.72
1054;30;7;8;L;1;25;2.75
1055;30;7;8;L;2;26;3.01
1056;30;7;8;L;3;26;3
1057;30;7;8;Q;1;26;2.56
1058;30;7;8;Q;2;25;3.12
1059;30;7;8;Q;3;25;2.85
1060;30;7;8;T;1;28;2.29
1061;30;7;8;T;2;25;2.83
1062;30;7;8;T;3;25;2.61
1063;30;7;9;L;1;28;2.95
1064;30;7;9;L;2;25;4
1065;30;7;9;L;3;26;3.71
1066;30;7;9;Q;1;29;2.14
1067;30;7;9;Q;2;23;6.77
1068;30;7;9;Q;3;26;3.23
1069;30;7;9;T;1;27;2.58
1070;30;7;9;T;2;16;3.15
1071;30;7;9;T;3;21;3.93
1072;30;7;10;L;1;28;2.76
1073;30;7;10;L;2;26;2.74
1074;30;7;10;L;3;26;3.82
1075;30;7;10;Q;1;28;2.69
1076;30;7;10;Q;2;26;2.63
1077;30;7;10;Q;3;25;3.43
1078;30;7;10;T;1;28;2.51
1079;30;7;10;T;2;25;2.9
1080;30;7;10;T;3;23;2.57
1081;50;7;1;L;1;45;14.02
1082;50;7;1;L;2;40;24.13
1083;50;7;1;L;3;39;20.79
1084;50;7;1;Q;1;47;13.61
1085;50;7;1;Q;2;36;25.79
1086;50;7;1;Q;3;37;14.42
1087;50;7;1;T;1;43;12.44
1088;50;7;1;T;2;28;111.79
1089;50;7;1;T;3;29;20.27
1090;50;7;2;L;1;41;15.13
1091;50;7;2;L;2;39;16.45
1092;50;7;2;L;3;40;16.25
1093;50;7;2;Q;1;42;13.41
1094;50;7;2;Q;2;37;20.34
1095;50;7;2;Q;3;37;16.16
1096;50;7;2;T;1;36;17.08
1097;50;7;2;T;2;13;14.02
1098;50;7;2;T;3;35;13.58
1099;50;7;3;L;1;45;14.79
1100;50;7;3;L;2;35;23.95
1101;50;7;3;L;3;34;16.24
1102;50;7;3;Q;1;47;13.92
1103;50;7;3;Q;2;33;17.87
1104;50;7;3;Q;3;33;19.33
1105;50;7;3;T;1;36;14.65
1106;50;7;3;T;2;26;19.26
1107;50;7;3;T;3;18;17.79
1108;50;7;4;L;1;47;15.07
1109;50;7;4;L;2;43;15.44
1110;50;7;4;L;3;45;14.94
1111;50;7;4;Q;1;47;13.75
1112;50;7;4;Q;2;42;13.5
1113;50;7;4;Q;3;43;13.99
1114;50;7;4;T;1;45;14.65
1115;50;7;4;T;2;42;13.61
1116;50;7;4;T;3;38;13.44
1117;50;7;5;L;1;46;14.87
1118;50;7;5;L;2;40;18.19
1119;50;7;5;L;3;44;22.8
1120;50;7;5;Q;1;44;13.94
1121;50;7;5;Q;2;37;17.2
1122;50;7;5;Q;3;40;19.26
1123;50;7;5;T;1;44;12.89
1124;50;7;5;T;2;23;200.67
1125;50;7;5;T;3;34;13.96
1126;50;7;6;L;1;45;14.61
1127;50;7;6;L;2;37;15.41
1128;50;7;6;L;3;40;18.06
1129;50;7;6;Q;1;47;13.45
1130;50;7;6;Q;2;26;35.75
1131;50;7;6;Q;3;36;25.37
1132;50;7;6;T;1;42;12.76
1133;50;7;6;T;2;25;30.49
1134;50;7;6;T;3;27;36.17
1135;50;7;7;L;1;45;15.15
1136;50;7;7;L;2;43;15.47
1137;50;7;7;L;3;41;22.78
1138;50;7;7;Q;1;47;13.72
1139;50;7;7;Q;2;37;36.91
1140;50;7;7;Q;3;42;14.85
1141;50;7;7;T;1;44;13.44
1142;50;7;7;T;2;33;32.05
1143;50;7;7;T;3;36;13.77
1144;50;7;8;L;1;43;16.29
1145;50;7;8;L;2;44;15.84
1146;50;7;8;L;3;43;15.87
1147;50;7;8;Q;1;44;14.54
1148;50;7;8;Q;2;40;18.91
1149;50;7;8;Q;3;40;16.28
1150;50;7;8;T;1;45;12.21
1151;50;7;8;T;2;34;36.81
1152;50;7;8;T;3;34;15.61
1153;50;7;9;L;1;46;16.19
1154;50;7;9;L;2;39;18.67
1155;50;7;9;L;3;36;40.36
1156;50;7;9;Q;1;47;12.97
1157;50;7;9;Q;2;27;70.01
1158;50;7;9;Q;3;35;24.18
1159;50;7;9;T;1;45;12.34
1160;50;7;9;T;2;24;23
1161;50;7;9;T;3;27;15.3
1162;50;7;10;L;1;46;14.3
1163;50;7;10;L;2;41;19.5
1164;50;7;10;L;3;38;16.03
1165;50;7;10;Q;1;46;13.94
1166;50;7;10;Q;2;36;17.99
1167;50;7;10;Q;3;33;22.16
1168;50;7;10;T;1;41;13.29
1169;50;7;10;T;2;22;50.51
1170;50;7;10;T;3;27;26
1171;80;7;1;L;1;71;106.85
1172;80;7;1;L;2;59;238.91
1173;80;7;1;L;3;56;141.12
1174;80;7;1;Q;1;75;100.84
1175;80;7;1;Q;2;54;260.51
1176;80;7;1;Q;3;49;111.01
1177;80;7;1;T;1;58;92.18
1178;80;7;1;T;2;39;577.9
1179;80;7;1;T;3;31;106.49
1180;80;7;2;L;1;66;112.2
1181;80;7;2;L;2;57;142.12
1182;80;7;2;L;3;56;130.24
1183;80;7;2;Q;1;67;104.5
1184;80;7;2;Q;2;52;177.41
1185;80;7;2;Q;3;49;207.19
1186;80;7;2;T;1;55;192.37
1187;80;7;2;T;2;22;98.36
1188;80;7;2;T;3;42;187.92
1189;80;7;3;L;1;68;104.97
1190;80;7;3;L;2;48;211.43
1191;80;7;3;L;3;52;168.37
1192;80;7;3;Q;1;71;101.48
1193;80;7;3;Q;2;48;264.67
1194;80;7;3;Q;3;48;147.96
1195;80;7;3;T;1;50;106.86
1196;80;7;3;T;2;36;102.59
1197;80;7;3;T;3;26;121.39
1198;80;7;4;L;1;73;110.29
1199;80;7;4;L;2;64;114.63
1200;80;7;4;L;3;69;111.94
1201;80;7;4;Q;1;75;103.46
1202;80;7;4;Q;2;61;110.77
1203;80;7;4;Q;3;63;117.36
1204;80;7;4;T;1;60;115.57
1205;80;7;4;T;2;47;121.06
1206;80;7;4;T;3;43;169.4
1207;80;7;5;L;1;69;114.56
1208;80;7;5;L;2;52;172.75
1209;80;7;5;L;3;57;154.15
1210;80;7;5;Q;1;71;101.99
1211;80;7;5;Q;2;52;134.04
1212;80;7;5;Q;3;55;113.62
1213;80;7;5;T;1;66;103.31
1214;80;7;5;T;2;31;153.9
1215;80;7;5;T;3;48;118.95
1216;80;7;6;L;1;69;120.22
1217;80;7;6;L;2;60;126.41
1218;80;7;6;L;3;60;164.88
1219;80;7;6;Q;1;73;101.15
1220;80;7;6;Q;2;42;1767.49
1221;80;7;6;Q;3;59;150.97
1222;80;7;6;T;1;60;118
1223;80;7;6;T;2;36;3600.55
1224;80;7;6;T;3;40;124.29
1225;80;7;7;L;1;65;121.71
1226;80;7;7;L;2;63;124.16
1227;80;7;7;L;3;62;156.95
1228;80;7;7;Q;1;71;102.11
1229;80;7;7;Q;2;55;260.4
1230;80;7;7;Q;3;60;116.06
1231;80;7;7;T;1;69;94.84
1232;80;7;7;T;2;44;109.13
1233;80;7;7;T;3;44;236.86
1234;80;7;8;L;1;68;119.78
1235;80;7;8;L;2;64;135.93
1236;80;7;8;L;3;67;133.63
1237;80;7;8;Q;1;72;101.68
1238;80;7;8;Q;2;59;111.04
1239;80;7;8;Q;3;60;136.98
1240;80;7;8;T;1;69;99.24
1241;80;7;8;T;2;48;298.08
1242;80;7;8;T;3;43;207.51
1243;80;7;9;L;1;69;127.28
1244;80;7;9;L;2;57;125.36
1245;80;7;9;L;3;55;217.46
1246;80;7;9;Q;1;72;100.46
1247;80;7;9;Q;2;43;290.34
1248;80;7;9;Q;3;55;131.54
1249;80;7;9;T;1;60;111.01
1250;80;7;9;T;2;27;1626.63
1251;80;7;9;T;3;41;126.87
1252;80;7;10;L;1;68;112.07
1253;80;7;10;L;2;65;136.44
1254;80;7;10;L;3;63;116.8
1255;80;7;10;Q;1;73;102.94
1256;80;7;10;Q;2;56;147.87
1257;80;7;10;Q;3;56;166.74
1258;80;7;10;T;1;60;109.02
1259;80;7;10;T;2;33;1979.85
1260;80;7;10;T;3;44;422.54
1261;100;7;1;L;1;79;579.95
1262;100;7;1;L;2;71;687.6
1263;100;7;1;L;3;66;750.84
1264;100;7;1;Q;1;90;547.39
1265;100;7;1;Q;2;61;601.12
1266;100;7;1;Q;3;61;577.66
1267;100;7;1;T;1;70;517.14
1268;100;7;1;T;2;49;3602.02
1269;100;7;1;T;3;28;552.67
1270;100;7;2;L;1;76;579.34
1271;100;7;2;L;2;56;2068.6
1272;100;7;2;L;3;65;1125.98
1273;100;7;2;Q;1;83;550.1
1274;100;7;2;Q;2;63;526.44
1275;100;7;2;Q;3;56;698.37
1276;100;7;2;T;1;65;449.93
1277;100;7;2;T;2;26;396.12
1278;100;7;2;T;3;47;1190.89
1279;100;7;3;L;1;81;562.04
1280;100;7;3;L;2;54;1113.22
1281;100;7;3;L;3;61;668.98
1282;100;7;3;Q;1;84;527.31
1283;100;7;3;Q;2;47;713.06
1284;100;7;3;Q;3;54;651.45
1285;100;7;3;T;1;53;554.54
1286;100;7;3;T;2;42;524.75
1287;100;7;3;T;3;29;1307.58
1288;100;7;4;L;1;90;434.48
1289;100;7;4;L;2;77;464.32
1290;100;7;4;L;3;83;430.77
1291;100;7;4;Q;1;92;412.78
1292;100;7;4;Q;2;76;703.63
1293;100;7;4;Q;3;77;576.96
1294;100;7;4;T;1;69;526.22
1295;100;7;4;T;2;48;3603.77
1296;100;7;4;T;3;47;1184.48
1297;100;7;5;L;1;86;585.69
1298;100;7;5;L;2;63;2840.04
1299;100;7;5;L;3;69;636.62
1300;100;7;5;Q;1;88;553
1301;100;7;5;Q;2;54;3346.53
1302;100;7;5;Q;3;65;587.32
1303;100;7;5;T;1;79;522.13
1304;100;7;5;T;2;37;605.43
1305;100;7;5;T;3;56;884.09
1306;100;7;6;L;1;80;545.24
1307;100;7;6;L;2;70;777.97
1308;100;7;6;L;3;65;620.3
1309;100;7;6;Q;1;87;533.34
1310;100;7;6;Q;2;50;2172.58
1311;100;7;6;Q;3;61;1441.27
1312;100;7;6;T;1;70;448.33
1313;100;7;6;T;2;35;507.21
1314;100;7;6;T;3;38;2011.18
1315;100;7;7;L;1;81;663.79
1316;100;7;7;L;2;79;464.89
1317;100;7;7;L;3;78;914.02
1318;100;7;7;Q;1;88;406.65
1319;100;7;7;Q;2;67;3622.57
1320;100;7;7;Q;3;74;582.3
1321;100;7;7;T;1;86;506.54
1322;100;7;7;T;2;50;516.13
1323;100;7;7;T;3;50;1545.54
1324;100;7;8;L;1;81;698.01
1325;100;7;8;L;2;72;926.16
1326;100;7;8;L;3;73;656.48
1327;100;7;8;Q;1;89;531.42
1328;100;7;8;Q;2;67;604.65
1329;100;7;8;Q;3;70;592.12
1330;100;7;8;T;1;82;521.86
1331;100;7;8;T;2;53;3601.26
1332;100;7;8;T;3;49;1274.84
1333;100;7;9;L;1;85;569.6
1334;100;7;9;L;2;65;827.98
1335;100;7;9;L;3;64;3602.77
1336;100;7;9;Q;1;90;411.84
1337;100;7;9;Q;2;53;1185.68
1338;100;7;9;Q;3;67;530.28
1339;100;7;9;T;1;68;558.86
1340;100;7;9;T;2;40;3601.89
1341;100;7;9;T;3;41;1524.56
1342;100;7;10;L;1;84;549.66
1343;100;7;10;L;2;76;466.69
1344;100;7;10;L;3;74;647.65
1345;100;7;10;Q;1;89;534.92
1346;100;7;10;Q;2;65;653.94
1347;100;7;10;Q;3;65;994.24
1348;100;7;10;T;1;71;549.47
1349;100;7;10;T;2;41;2516.07
1350;100;7;10;T;3;49;823.51
;;;;;;;
;;;;;;;
;;;;;;;
;;;;;;;
;;;;;;;
;;;;;;;
;;;;;;;
;;;;;;;
;;;;;;;
;;;;;;;
;;;;;;;
;;;;;;;
;;;;;;;
;;;;;;;
;;;;;;;
;;;;;;;
;;;;;;;
;;;;;;;
;;;;;;;
;;;;;;;
;;;;;;;
;;;;;;;
;;;;;;;
;;;;;;;
;;;;;;;
;;;;;;;
;;;;;;;
;;;;;;;
;;;;;;;
;;;;;;;
;;;;;;;
;;;;;;;
;;;;;;;
;;;;;;;
;;;;;;;
;;;;;;;
;;;;;;;
;;;;;;;
;;;;;;;
;;;;;;;
;;;;;;;
;;;;;;;
;;;;;;;
;;;;;;;
;;;;;;;
;;;;;;;
;;;;;;;
;;;;;;;
;;;;;;;
;;;;;;;
;;;;;;;
;;;;;;;
;;;;;;;
;;;;;;;
;;;;;;;
;;;;;;;
;;;;;;;
;;;;;;;
;;;;;;;
;;;;;;;
;;;;;;;
;;;;;;;
;;;;;;;
;;;;;;;
;;;;;;;
;;;;;;;
;;;;;;;
;;;;;;;
;;;;;;;
;;;;;;;
;;;;;;;
;;;;;;;
;;;;;;;
;;;;;;;
;;;;;;;
;;;;;;;
;;;;;;;
;;;;;;;
;;;;;;;
;;;;;;;
;;;;;;;
;;;;;;;
;;;;;;;
;;;;;;;
;;;;;;;
;;;;;;;
;;;;;;;
;;;;;;;
;;;;;;;
;;;;;;;
;;;;;;;
;;;;;;;
;;;;;;;
;;;;;;;
;;;;;;;
;;;;;;;
;;;;;;;
;;;;;;;
;;;;;;;
;;;;;;;
;;;;;;;
;;;;;;;
;;;;;;;
;;;;;;;
;;;;;;;
;;;;;;;
;;;;;;;
;;;;;;;
;;;;;;;
;;;;;;;
;;;;;;;
;;;;;;;
;;;;;;;
;;;;;;;
;;;;;;;
;;;;;;;
;;;;;;;
;;;;;;;
;;;;;;;
;;;;;;;
;;;;;;;
;;;;;;;
;;;;;;;
;;;;;;;
;;;;;;;
;;;;;;;
;;;;;;;
;;;;;;;
;;;;;;;
;;;;;;;
;;;;;;;
;;;;;;;
;;;;;;;
;;;;;;;
;;;;;;;
;;;;;;;
;;;;;;;
;;;;;;;
;;;;;;;
;;;;;;;
;;;;;;;
;;;;;;;
;;;;;;;
;;;;;;;
;;;;;;;
;;;;;;;
;;;;;;;
;;;;;;;
;;;;;;;
;;;;;;;
;;;;;;;
;;;;;;;
;;;;;;;
;;;;;;;
;;;;;;;
;;;;;;;
;;;;;;;
;;;;;;;
;;;;;;;
;;;;;;;
;;;;;;;
;;;;;;;
;;;;;;;
;;;;;;;
;;;;;;;
;;;;;;;
;;;;;;;
;;;;;;;
;;;;;;;
;;;;;;;
;;;;;;;
;;;;;;;
;;;;;;;
;;;;;;;
;;;;;;;
;;;;;;;
;;;;;;;
;;;;;;;
;;;;;;;
;;;;;;;
;;;;;;;
;;;;;;;
;;;;;;;
;;;;;;;
;;;;;;;
;;;;;;;
;;;;;;;
;;;;;;;
;;;;;;;
;;;;;;;
;;;;;;;
;;;;;;;
;;;;;;;
;;;;;;;
;;;;;;;
;;;;;;;
;;;;;;;
;;;;;;;
;;;;;;;
;;;;;;;
;;;;;;;
;;;;;;;
;;;;;;;
;;;;;;;
;;;;;;;
;;;;;;;
;;;;;;;
;;;;;;;
;;;;;;;
;;;;;;;
;;;;;;;
;;;;;;;
;;;;;;;
;;;;;;;
;;;;;;;
;;;;;;;
;;;;;;;
;;;;;;;
;;;;;;;
;;;;;;;
;;;;;;;
;;;;;;;
;;;;;;;
;;;;;;;
;;;;;;;
;;;;;;;
;;;;;;;
;;;;;;;
;;;;;;;
;;;;;;;
;;;;;;;
;;;;;;;
;;;;;;;
;;;;;;;
;;;;;;;
;;;;;;;
;;;;;;;
;;;;;;;
;;;;;;;
;;;;;;;
;;;;;;;
;;;;;;;
;;;;;;;
;;;;;;;
;;;;;;;
;;;;;;;
;;;;;;;
;;;;;;;
;;;;;;;
;;;;;;;
;;;;;;;
;;;;;;;
;;;;;;;
;;;;;;;
;;;;;;;
;;;;;;;
;;;;;;;
;;;;;;;
;;;;;;;
;;;;;;;
;;;;;;;
;;;;;;;
;;;;;;;
;;;;;;;
;;;;;;;
;;;;;;;
;;;;;;;
;;;;;;;
;;;;;;;
;;;;;;;
;;;;;;;
;;;;;;;
;;;;;;;
;;;;;;;
;;;;;;;
;;;;;;;
;;;;;;;
;;;;;;;
;;;;;;;
;;;;;;;
;;;;;;;
;;;;;;;
;;;;;;;
;;;;;;;
;;;;;;;
;;;;;;;
;;;;;;;
;;;;;;;
;;;;;;;
;;;;;;;
;;;;;;;
;;;;;;;
;;;;;;;
;;;;;;;
;;;;;;;
;;;;;;;
;;;;;;;
;;;;;;;
;;;;;;;
;;;;;;;
;;;;;;;
;;;;;;;
;;;;;;;
;;;;;;;
;;;;;;;
;;;;;;;
;;;;;;;
;;;;;;;
;;;;;;;
;;;;;;;
;;;;;;;
;;;;;;;
;;;;;;;
;;;;;;;
;;;;;;;
;;;;;;;
;;;;;;;
;;;;;;;
;;;;;;;
;;;;;;;
;;;;;;;
;;;;;;;
;;;;;;;
;;;;;;;
;;;;;;;
;;;;;;;
;;;;;;;
;;;;;;;
;;;;;;;
;;;;;;;
;;;;;;;
;;;;;;;
;;;;;;;
;;;;;;;
;;;;;;;
;;;;;;;
;;;;;;;
;;;;;;;
;;;;;;;
;;;;;;;
;;;;;;;
;;;;;;;
;;;;;;;
;;;;;;;
;;;;;;;
;;;;;;;
;;;;;;;
;;;;;;;
;;;;;;;
;;;;;;;
;;;;;;;
;;;;;;;
;;;;;;;
;;;;;;;
;;;;;;;
;;;;;;;
;;;;;;;
;;;;;;;
;;;;;;;
;;;;;;;
;;;;;;;
;;;;;;;
;;;;;;;
;;;;;;;
;;;;;;;
;;;;;;;
;;;;;;;
;;;;;;;
;;;;;;;
;;;;;;;
;;;;;;;
;;;;;;;
;;;;;;;
;;;;;;;
;;;;;;;
;;;;;;;
;;;;;;;
;;;;;;;
;;;;;;;
;;;;;;;
;;;;;;;
;;;;;;;
;;;;;;;
;;;;;;;
;;;;;;;
;;;;;;;
;;;;;;;
;;;;;;;
;;;;;;;
;;;;;;;
;;;;;;;
;;;;;;;
;;;;;;;
;;;;;;;
;;;;;;;
;;;;;;;
;;;;;;;
;;;;;;;
;;;;;;;
;;;;;;;
;;;;;;;
;;;;;;;
;;;;;;;
;;;;;;;
;;;;;;;
;;;;;;;
;;;;;;;
;;;;;;;
;;;;;;;
;;;;;;;
;;;;;;;
;;;;;;;
;;;;;;;
;;;;;;;
;;;;;;;
;;;;;;;
;;;;;;;
;;;;;;;
;;;;;;;
;;;;;;;
;;;;;;;
;;;;;;;
;;;;;;;
;;;;;;;
;;;;;;;
;;;;;;;
;;;;;;;
;;;;;;;
;;;;;;;
;;;;;;;
;;;;;;;
;;;;;;;
;;;;;;;
;;;;;;;
;;;;;;;
;;;;;;;
;;;;;;;
;;;;;;;
;;;;;;;
;;;;;;;
;;;;;;;
;;;;;;;
;;;;;;;
;;;;;;;
;;;;;;;
;;;;;;;
;;;;;;;
;;;;;;;
;;;;;;;
;;;;;;;
;;;;;;;
;;;;;;;
;;;;;;;
;;;;;;;
;;;;;;;
;;;;;;;
;;;;;;;
;;;;;;;
;;;;;;;
;;;;;;;
;;;;;;;
;;;;;;;
;;;;;;;
;;;;;;;
;;;;;;;
;;;;;;;
;;;;;;;
;;;;;;;
;;;;;;;
;;;;;;;
;;;;;;;
;;;;;;;
;;;;;;;
;;;;;;;
;;;;;;;
;;;;;;;
;;;;;;;
;;;;;;;
;;;;;;;
;;;;;;;
;;;;;;;
;;;;;;;
;;;;;;;
;;;;;;;
;;;;;;;
;;;;;;;
;;;;;;;
;;;;;;;
;;;;;;;
;;;;;;;
;;;;;;;
;;;;;;;
;;;;;;;
;;;;;;;
;;;;;;;
;;;;;;;
;;;;;;;
;;;;;;;
;;;;;;;
;;;;;;;
;;;;;;;
;;;;;;;
;;;;;;;
;;;;;;;
;;;;;;;
;;;;;;;
;;;;;;;
;;;;;;;
;;;;;;;
;;;;;;;
;;;;;;;
;;;;;;;
;;;;;;;
;;;;;;;
;;;;;;;
;;;;;;;
;;;;;;;
;;;;;;;
;;;;;;;
;;;;;;;
;;;;;;;
;;;;;;;
;;;;;;;
;;;;;;;
;;;;;;;
;;;;;;;
;;;;;;;
;;;;;;;
;;;;;;;
;;;;;;;
;;;;;;;
;;;;;;;
;;;;;;;
;;;;;;;
;;;;;;;
;;;;;;;
;;;;;;;
;;;;;;;
;;;;;;;
;;;;;;;
;;;;;;;
;;;;;;;
;;;;;;;
;;;;;;;
;;;;;;;
;;;;;;;
;;;;;;;
;;;;;;;
;;;;;;;
;;;;;;;
;;;;;;;
;;;;;;;
;;;;;;;
;;;;;;;
;;;;;;;
;;;;;;;
;;;;;;;
;;;;;;;
;;;;;;;
;;;;;;;
;;;;;;;
;;;;;;;
;;;;;;;
;;;;;;;
;;;;;;;
;;;;;;;
;;;;;;;
;;;;;;;
;;;;;;;
;;;;;;;
;;;;;;;
;;;;;;;
;;;;;;;
;;;;;;;
;;;;;;;
;;;;;;;
;;;;;;;
;;;;;;;
;;;;;;;
;;;;;;;
;;;;;;;
;;;;;;;
;;;;;;;
;;;;;;;
;;;;;;;
;;;;;;;
;;;;;;;
;;;;;;;
;;;;;;;
;;;;;;;
;;;;;;;
;;;;;;;
;;;;;;;
;;;;;;;
;;;;;;;
;;;;;;;
;;;;;;;
;;;;;;;
;;;;;;;
;;;;;;;
;;;;;;;
;;;;;;;
;;;;;;;
;;;;;;;
;;;;;;;
;;;;;;;
;;;;;;;
;;;;;;;
;;;;;;;
;;;;;;;
;;;;;;;
;;;;;;;
;;;;;;;
;;;;;;;
;;;;;;;
;;;;;;;
;;;;;;;
;;;;;;;
;;;;;;;
;;;;;;;
;;;;;;;
;;;;;;;
;;;;;;;
;;;;;;;
;;;;;;;
;;;;;;;
;;;;;;;
;;;;;;;
;;;;;;;
;;;;;;;
;;;;;;;
;;;;;;;
;;;;;;;
;;;;;;;
;;;;;;;
;;;;;;;
;;;;;;;
;;;;;;;
;;;;;;;
;;;;;;;
;;;;;;;
;;;;;;;
;;;;;;;
;;;;;;;
;;;;;;;
;;;;;;;
;;;;;;;
;;;;;;;
;;;;;;;
;;;;;;;
;;;;;;;
;;;;;;;
;;;;;;;
;;;;;;;
;;;;;;;
;;;;;;;
;;;;;;;
;;;;;;;
;;;;;;;
;;;;;;;
;;;;;;;
;;;;;;;
;;;;;;;
;;;;;;;
;;;;;;;
;;;;;;;
;;;;;;;
;;;;;;;
;;;;;;;
;;;;;;;
;;;;;;;
;;;;;;;
;;;;;;;
;;;;;;;
;;;;;;;
;;;;;;;
;;;;;;;
;;;;;;;
;;;;;;;
;;;;;;;
;;;;;;;
;;;;;;;
;;;;;;;
;;;;;;;
;;;;;;;
;;;;;;;
;;;;;;;
;;;;;;;
;;;;;;;
;;;;;;;
;;;;;;;
;;;;;;;
;;;;;;;
;;;;;;;
;;;;;;;
;;;;;;;
;;;;;;;
;;;;;;;
;;;;;;;
;;;;;;;
;;;;;;;
;;;;;;;
;;;;;;;
;;;;;;;
;;;;;;;
;;;;;;;
;;;;;;;
;;;;;;;
;;;;;;;
;;;;;;;
;;;;;;;
;;;;;;;
;;;;;;;
;;;;;;;
;;;;;;;
;;;;;;;
;;;;;;;
;;;;;;;
;;;;;;;
;;;;;;;
;;;;;;;
;;;;;;;
;;;;;;;
;;;;;;;
;;;;;;;
;;;;;;;
;;;;;;;
;;;;;;;
;;;;;;;
;;;;;;;
;;;;;;;
;;;;;;;
;;;;;;;
;;;;;;;
;;;;;;;
;;;;;;;
;;;;;;;
;;;;;;;
;;;;;;;
;;;;;;;
;;;;;;;
;;;;;;;
;;;;;;;
;;;;;;;
;;;;;;;
;;;;;;;
;;;;;;;
;;;;;;;
;;;;;;;
;;;;;;;
;;;;;;;
;;;;;;;
;;;;;;;
;;;;;;;
;;;;;;;
;;;;;;;
;;;;;;;
;;;;;;;
;;;;;;;
;;;;;;;
;;;;;;;
;;;;;;;
;;;;;;;
;;;;;;;
;;;;;;;
;;;;;;;
;;;;;;;
;;;;;;;
;;;;;;;
;;;;;;;
;;;;;;;
;;;;;;;
;;;;;;;
;;;;;;;
;;;;;;;
;;;;;;;
;;;;;;;
;;;;;;;
;;;;;;;
;;;;;;;
;;;;;;;
;;;;;;;
;;;;;;;
;;;;;;;
;;;;;;;
;;;;;;;
;;;;;;;
;;;;;;;
;;;;;;;
;;;;;;;
;;;;;;;
;;;;;;;
;;;;;;;
;;;;;;;
;;;;;;;
;;;;;;;
;;;;;;;
;;;;;;;
;;;;;;;
;;;;;;;
;;;;;;;
;;;;;;;
;;;;;;;
;;;;;;;
;;;;;;;
;;;;;;;
;;;;;;;
;;;;;;;
;;;;;;;
;;;;;;;
;;;;;;;
;;;;;;;
;;;;;;;
;;;;;;;
;;;;;;;
;;;;;;;
;;;;;;;
;;;;;;;
;;;;;;;
;;;;;;;
;;;;;;;
;;;;;;;
;;;;;;;
;;;;;;;
;;;;;;;
;;;;;;;
;;;;;;;
;;;;;;;
;;;;;;;
;;;;;;;
;;;;;;;
;;;;;;;
;;;;;;;
;;;;;;;
;;;;;;;
;;;;;;;
;;;;;;;
;;;;;;;
;;;;;;;
;;;;;;;
;;;;;;;
;;;;;;;
;;;;;;;
;;;;;;;
;;;;;;;
;;;;;;;
;;;;;;;
;;;;;;;
;;;;;;;
;;;;;;;
;;;;;;;
;;;;;;;
;;;;;;;
;;;;;;;
;;;;;;;
;;;;;;;
;;;;;;;
;;;;;;;
;;;;;;;
;;;;;;;
;;;;;;;
;;;;;;;
;;;;;;;
;;;;;;;
;;;;;;;
;;;;;;;
;;;;;;;
;;;;;;;
;;;;;;;
;;;;;;;
;;;;;;;
;;;;;;;
;;;;;;;
;;;;;;;
;;;;;;;
;;;;;;;
;;;;;;;
;;;;;;;
;;;;;;;
;;;;;;;
;;;;;;;
;;;;;;;
;;;;;;;
;;;;;;;
;;;;;;;
;;;;;;;
;;;;;;;
;;;;;;;
;;;;;;;
;;;;;;;
;;;;;;;
;;;;;;;
;;;;;;;
;;;;;;;
;;;;;;;
;;;;;;;
;;;;;;;
;;;;;;;
;;;;;;;
;;;;;;;
;;;;;;;
;;;;;;;
;;;;;;;
;;;;;;;
;;;;;;;
;;;;;;;
;;;;;;;
;;;;;;;
;;;;;;;
;;;;;;;
;;;;;;;
;;;;;;;
;;;;;;;
;;;;;;;
;;;;;;;
;;;;;;;
;;;;;;;
;;;;;;;
;;;;;;;
;;;;;;;
;;;;;;;
;;;;;;;
;;;;;;;
;;;;;;;
;;;;;;;
;;;;;;;
;;;;;;;
;;;;;;;
;;;;;;;
;;;;;;;
;;;;;;;
;;;;;;;
;;;;;;;
;;;;;;;
;;;;;;;
;;;;;;;
;;;;;;;
;;;;;;;
;;;;;;;
;;;;;;;
;;;;;;;
;;;;;;;
;;;;;;;
;;;;;;;
;;;;;;;
;;;;;;;
;;;;;;;
;;;;;;;
;;;;;;;
;;;;;;;
;;;;;;;
;;;;;;;
;;;;;;;
;;;;;;;
;;;;;;;
;;;;;;;
;;;;;;;
;;;;;;;
;;;;;;;
;;;;;;;
;;;;;;;
;;;;;;;
;;;;;;;
;;;;;;;
;;;;;;;
;;;;;;;
;;;;;;;
;;;;;;;
;;;;;;;
;;;;;;;
;;;;;;;
;;;;;;;
;;;;;;;
;;;;;;;
;;;;;;;
;;;;;;;
;;;;;;;
;;;;;;;
;;;;;;;
;;;;;;;
;;;;;;;
;;;;;;;
;;;;;;;
;;;;;;;
;;;;;;;
;;;;;;;
;;;;;;;
;;;;;;;
;;;;;;;
;;;;;;;
;;;;;;;
;;;;;;;
;;;;;;;
;;;;;;;
;;;;;;;
;;;;;;;
;;;;;;;
;;;;;;;
;;;;;;;
;;;;;;;
;;;;;;;
;;;;;;;
;;;;;;;
;;;;;;;
;;;;;;;
;;;;;;;
;;;;;;;
;;;;;;;
;;;;;;;
;;;;;;;
;;;;;;;
;;;;;;;
;;;;;;;
;;;;;;;
;;;;;;;
;;;;;;;
;;;;;;;
;;;;;;;
;;;;;;;
;;;;;;;
;;;;;;;
;;;;;;;
;;;;;;;
;;;;;;;
;;;;;;;
;;;;;;;
;;;;;;;
;;;;;;;
;;;;;;;
;;;;;;;
;;;;;;;
;;;;;;;
;;;;;;;
;;;;;;;
;;;;;;;
;;;;;;;
;;;;;;;
;;;;;;;
;;;;;;;
;;;;;;;
;;;;;;;
;;;;;;;
;;;;;;;
;;;;;;;
;;;;;;;
;;;;;;;
;;;;;;;
;;;;;;;
;;;;;;;
;;;;;;;
;;;;;;;
;;;;;;;
;;;;;;;
;;;;;;;
;;;;;;;
;;;;;;;
;;;;;;;
;;;;;;;
;;;;;;;
;;;;;;;
;;;;;;;
;;;;;;;
;;;;;;;
;;;;;;;
;;;;;;;
;;;;;;;
;;;;;;;
;;;;;;;
;;;;;;;
;;;;;;;
;;;;;;;
;;;;;;;
;;;;;;;
;;;;;;;
;;;;;;;
;;;;;;;
;;;;;;;
;;;;;;;
;;;;;;;
;;;;;;;
;;;;;;;
;;;;;;;
;;;;;;;
;;;;;;;
;;;;;;;
;;;;;;;
;;;;;;;
;;;;;;;
;;;;;;;
;;;;;;;
;;;;;;;
;;;;;;;
;;;;;;;
;;;;;;;
;;;;;;;
;;;;;;;
;;;;;;;
;;;;;;;
;;;;;;;
;;;;;;;
;;;;;;;
;;;;;;;
;;;;;;;
;;;;;;;
;;;;;;;
;;;;;;;
;;;;;;;
;;;;;;;
;;;;;;;
;;;;;;;
;;;;;;;
;;;;;;;
;;;;;;;
;;;;;;;
;;;;;;;
;;;;;;;
;;;;;;;
;;;;;;;
;;;;;;;
;;;;;;;
;;;;;;;
;;;;;;;
;;;;;;;
;;;;;;;
;;;;;;;
;;;;;;;
;;;;;;;
;;;;;;;
;;;;;;;
;;;;;;;
;;;;;;;
;;;;;;;
;;;;;;;
;;;;;;;
;;;;;;;
;;;;;;;
;;;;;;;
;;;;;;;
;;;;;;;
;;;;;;;
;;;;;;;
;;;;;;;
;;;;;;;
;;;;;;;
;;;;;;;
;;;;;;;
;;;;;;;
;;;;;;;
;;;;;;;
;;;;;;;
;;;;;;;
;;;;;;;
;;;;;;;
;;;;;;;
;;;;;;;
;;;;;;;
;;;;;;;
;;;;;;;
;;;;;;;
;;;;;;;
;;;;;;;
;;;;;;;
;;;;;;;
;;;;;;;
;;;;;;;
;;;;;;;
;;;;;;;
;;;;;;;
;;;;;;;
;;;;;;;
;;;;;;;
;;;;;;;
;;;;;;;
;;;;;;;
;;;;;;;
;;;;;;;
;;;;;;;
;;;;;;;
;;;;;;;
;;;;;;;
;;;;;;;
;;;;;;;
;;;;;;;
;;;;;;;
;;;;;;;
;;;;;;;
;;;;;;;
;;;;;;;
;;;;;;;
;;;;;;;
;;;;;;;
;;;;;;;
;;;;;;;
;;;;;;;
;;;;;;;
;;;;;;;
;;;;;;;
;;;;;;;
;;;;;;;
;;;;;;;
;;;;;;;
;;;;;;;
;;;;;;;
;;;;;;;
;;;;;;;
;;;;;;;
;;;;;;;
;;;;;;;
;;;;;;;
;;;;;;;
;;;;;;;
;;;;;;;
;;;;;;;
;;;;;;;
;;;;;;;
;;;;;;;
;;;;;;;
;;;;;;;
;;;;;;;
;;;;;;;
;;;;;;;
;;;;;;;
;;;;;;;
;;;;;;;
;;;;;;;
;;;;;;;
;;;;;;;
;;;;;;;
;;;;;;;
;;;;;;;
;;;;;;;
;;;;;;;
;;;;;;;
;;;;;;;
;;;;;;;
;;;;;;;
;;;;;;;
;;;;;;;
;;;;;;;
;;;;;;;
;;;;;;;
;;;;;;;
;;;;;;;
;;;;;;;
;;;;;;;
;;;;;;;
;;;;;;;
;;;;;;;
;;;;;;;
;;;;;;;
;;;;;;;
;;;;;;;
;;;;;;;
;;;;;;;
;;;;;;;
;;;;;;;
;;;;;;;
;;;;;;;
;;;;;;;
;;;;;;;
;;;;;;;
;;;;;;;
;;;;;;;
;;;;;;;
;;;;;;;
;;;;;;;
;;;;;;;
;;;;;;;
;;;;;;;
;;;;;;;
;;;;;;;
;;;;;;;
;;;;;;;
;;;;;;;
;;;;;;;
;;;;;;;
;;;;;;;
;;;;;;;
;;;;;;;
;;;;;;;
;;;;;;;
;;;;;;;
;;;;;;;
;;;;;;;
;;;;;;;
;;;;;;;
;;;;;;;
;;;;;;;
;;;;;;;
;;;;;;;
;;;;;;;
;;;;;;;
;;;;;;;
;;;;;;;
;;;;;;;
;;;;;;;
;;;;;;;
;;;;;;;
;;;;;;;
;;;;;;;
;;;;;;;
;;;;;;;
;;;;;;;
;;;;;;;
;;;;;;;
;;;;;;;
;;;;;;;
;;;;;;;
;;;;;;;
;;;;;;;
;;;;;;;
;;;;;;;
;;;;;;;
;;;;;;;
;;;;;;;
;;;;;;;
;;;;;;;
;;;;;;;
;;;;;;;
;;;;;;;
;;;;;;;
;;;;;;;
;;;;;;;
;;;;;;;
;;;;;;;
;;;;;;;
;;;;;;;
;;;;;;;
;;;;;;;
;;;;;;;
;;;;;;;
;;;;;;;
;;;;;;;
;;;;;;;
